{
  "timeZone": "America/New_York",
  "dependencies": {
    "enabledAdvancedServices": [
      {
        "userSymbol": "Drive",
        "serviceId": "drive",
        "version": "v2"
      }
    ]
  },
  "exceptionLogging": "STACKDRIVER",
  "oauthScopes": [
    "https://www.googleapis.com/auth/gmail.readonly",
    "https://www.googleapis.com/auth/spreadsheets",
    "https://www.googleapis.com/auth/script.external_request",
    "https://www.googleapis.com/auth/drive"
  ],
  "runtimeVersion": "V8",
  "addOns": {
    "common": {
      "name": "PDF Invoice Parser",
      "logoUrl": "https://ssl.gstatic.com/docs/script/images/logo.png",
      "layoutProperties": {
        "primaryColor": "#4285F4"
      }
    },
    "gmail": {
      "contextualTriggers": [{
        "unconditional": {},
        "onTriggerFunction": "buildAddOn"
      }],
      "onTriggerFunction": "buildAddOn"
    }
  }
}